name,size,images,current_price,rating,num_reviews,comfort,best for,mattress type,height,Cooling TechYeslogy,Motion Separation,Pressure Relief,Support,Adjustable Base Friendly,Breathable,Mattress in a Box,ProductID
"Beautyrest BR800 13.5"" Plush Pillow Top Mattress","[“Twin”, “Twin XL”, “Full”, “Full XL”,“Queen”, “King”, “Cal King”]","['images/Beautyrest_BR800_13.5_Plush_Pillow_Top_Mattress/image_1.jpg', 'images/Beautyrest_BR800_13.5_Plush_Pillow_Top_Mattress/image_2.jpg', 'images/Beautyrest_BR800_13.5_Plush_Pillow_Top_Mattress/image_3.jpg']","[$ 367.99, $ 471.99, $ 471.99, $ 487.99, $ 487.99, $ 599.99, $ 599.99]",4.1,1741,Plush,Side Sleepers,Innerspring,"13.5""",Yes,Yes,Yes,Yes,Yes,Yes,No,1
"Beautyrest BR800 12"" Medium Mattress","[“Twin”, “Twin XL”, “Full”, “Full XL”,“Queen”, “King”, “Cal King”]","['images/Beautyrest_BR800_12_Medium_Mattress/image_1.jpg', 'images/Beautyrest_BR800_12_Medium_Mattress/image_2.jpg', 'images/Beautyrest_BR800_12_Medium_Mattress/image_3.jpg']","[$ 359.99, $ 383.99, $ 383.99, $ 399.99, $ 399.99, $ 519.99, $ 519.99]",4,2134,Medium,"Side, Stomach and Back Sleepers",Innerspring,"12""",Yes,Yes,Yes,Yes,Yes,Yes,No,2
"Beautyrest Silver® BRS900 11.75"" Extra Firm Mattress","[“Twin”, “Twin XL”, “Full”,“Queen”, “King”, “Cal King”]","['images/Beautyrest_Silver®_BRS900_11.75_Extra_Firm_Mattress/image_1.jpg', 'images/Beautyrest_Silver®_BRS900_11.75_Extra_Firm_Mattress/image_2.jpg']","[$ 462.99, $ 524.99, $ 524.99, $ 539.99, $ 655.99, $ 655.99]",4.2,2066,Extra Firm,Back and Stomach Sleepers,Innerspring,"11.75""",Yes,Yes,Yes,Yes,Yes,Yes,No,3
Sleepy's By Sealy Memory Foam Medium Mattress,"[“Twin”, “Twin XL”, “Full”, “Queen”, “King”, “Cal King”]","['images/Sleepys_By_Sealy_Memory_Foam_Medium_Mattress/image_1.jpg', 'images/Sleepys_By_Sealy_Memory_Foam_Medium_Mattress/image_2.jpg', 'images/Sleepys_By_Sealy_Memory_Foam_Medium_Mattress/image_3.jpg']","[$ 244.99, $ 279.99, $ 349.99, $ 391.99, $ 461.99, $ 461.99]",4.3,1813,Medium,"Side, Stomach and Back Sleepers",Memory Foam,"10""",Yes,Yes,Yes,Yes,Yes,Yes,Yes,4
"Nectar Classic 12"" Firm Memory Foam Mattress","[“Twin”, “Twin XL”, “Full”, “Queen”, “King”, “Cal King”]","['images/Nectar_Classic_12_Firm_Memory_Foam_Mattress/image_1.jpg', 'images/Nectar_Classic_12_Firm_Memory_Foam_Mattress/image_2.jpg']","[$ 349.99, $ 549.99, $ 599.99, $ 649.99, $ 849.99, $ 849.99]",4,17,Firm," Back and Stomach Sleepers, Pain and Bed Partner",Memory Foam,,No,No,No,No,No,No,No,5
"Beautyrest BR800 13.5"" Medium Pillow Top Mattress","[“Twin”, “Twin XL”, “Full”, “Full XL”,“Queen”, “King”, “Cal King”]","['images/Beautyrest_BR800_13.5_Medium_Pillow_Top_Mattress/image_1.jpg', 'images/Beautyrest_BR800_13.5_Medium_Pillow_Top_Mattress/image_2.jpg', 'images/Beautyrest_BR800_13.5_Medium_Pillow_Top_Mattress/image_3.jpg']","[$ 367.99, $ 471.99, $ 471.99, $ 487.99, $ 487.99, $ 599.99, $ 599.99]",4.1,1085,Medium,"Side, Stomach and Back Sleepers",Innerspring,"13.5""",Yes,Yes,Yes,Yes,Yes,Yes,No,6
"Sealy Posturepedic® Hybrid Lacey 13"" Firm Mattress","[“Twin”, “Twin XL”, “Full”, “Queen”, “King”, “Cal King”, “Split Cal King”]","['images/Sealy_Posturepedic®_Hybrid_Lacey_13_Firm_Mattress/image_1.jpg', 'images/Sealy_Posturepedic®_Hybrid_Lacey_13_Firm_Mattress/image_2.jpg', 'images/Sealy_Posturepedic®_Hybrid_Lacey_13_Firm_Mattress/image_3.jpg']","[$ 531.99, $ 567.99, $ 638.99, $ 679.99, $ 827.99, $ 827.99, $ 567.99]",4.6,2149,Firm,Back and Stomach Sleepers,Hybrid,"13""",Yes,Yes,Yes,Yes,Yes,Yes,No,7
Sleepy's By Sealy® Medium Euro Top Mattress,"[“Twin”, “Twin XL”, “Full”, “Full XL”,“Queen”, “King”, “Cal King”]","['images/Sleepys_By_Sealy®_Medium_Euro_Top_Mattress/image_1.jpg', 'images/Sleepys_By_Sealy®_Medium_Euro_Top_Mattress/image_2.jpg']","[$ 449.99, $ 499.99, $ 549.99, $ 599.99, $ 599.99, $ 799.99, $ 799.99]",4.3,2431,Medium,"Side, Stomach and Back Sleepers",Innerspring,"10.5""",Yes,Yes,Yes,Yes,Yes,Yes,Yes,8
Sleepy's Basic Innerspring Firm Mattress,"[“Twin”, “Full”,“Queen”, “King”]","['images/Sleepys_Basic_Innerspring_Firm_Mattress/image_1.jpg', 'images/Sleepys_Basic_Innerspring_Firm_Mattress/image_2.jpg', 'images/Sleepys_Basic_Innerspring_Firm_Mattress/image_3.jpg']","[$ 159.99, $ 179.99, $ 209.99, $ 259.99]",4.1,7407,Firm,Back and Stomach Sleepers,Innerspring,"8.25""",Yes,Yes,Yes,Yes,Yes,Yes,Yes,9
Serta Perfect Sleeper® Charlotte 2.0 Medium Euro Top Mattress,"[“Twin”, “Twin XL”, “Full”, “Queen”, “King”, “Cal King”]","['images/Serta_Perfect_Sleeper®_Charlotte_2.0_Medium_Euro_Top_Mattress/image_1.jpg', 'images/Serta_Perfect_Sleeper®_Charlotte_2.0_Medium_Euro_Top_Mattress/image_2.jpg']","[$ 499.99, $ 549.99, $ 549.99, $ 599.99, $ 749.99, $ 749.99]",4.3,1146,Medium,"Side, Stomach and Back Sleepers",Innerspring,"10.5""",Yes,Yes,Yes,Yes,Yes,Yes,No,10
"Tulo Bamboo 10"" Medium Plush Green Tea Memory Foam Mattress","[“Twin”, “Twin XL”, “Full”, “Queen”, “King”]","['images/Tulo_Bamboo_10_Medium_Plush_Green_Tea_Memory_Foam_Mattress/image_1.jpg', 'images/Tulo_Bamboo_10_Medium_Plush_Green_Tea_Memory_Foam_Mattress/image_2.jpg', 'images/Tulo_Bamboo_10_Medium_Plush_Green_Tea_Memory_Foam_Mattress/image_3.jpg']","[$ 215.99, $ 223.99, $ 261.99, $ 299.99, $ 337.99]",4.2,4571,Medium,"Side, Stomach and Back Sleepers",Memory Foam,"10""",No,No,Yes,Yes,Yes,Yes,Yes,11
"Tulo Bamboo 12"" Medium Plush Green Tea Memory Foam Mattress","[“Twin”, “Twin XL”, “Full”, “Queen”, “King”]","['images/Tulo_Bamboo_12_Medium_Plush_Green_Tea_Memory_Foam_Mattress/image_1.jpg', 'images/Tulo_Bamboo_12_Medium_Plush_Green_Tea_Memory_Foam_Mattress/image_2.jpg', 'images/Tulo_Bamboo_12_Medium_Plush_Green_Tea_Memory_Foam_Mattress/image_3.jpg']","[$ 250.99, $ 262.99, $ 314.99, $ 346.99, $ 406.99]",4.2,4571,Medium,"Side, Stomach and Back Sleepers",Memory Foam,"12""",No,No,Yes,Yes,Yes,Yes,Yes,12
"Beautyrest PressureSmart™ 2.0 Plush 11.75"" Mattress","[“Split Cal King”, “Twin”, “Twin XL”, “Full”, “Full XL”,“Queen”, “King”, “Cal King”]","['images/Beautyrest_PressureSmart™_2.0_Plush_11.75_Mattress/image_1.jpg', 'images/Beautyrest_PressureSmart™_2.0_Plush_11.75_Mattress/image_2.jpg']","[$ 999.99, $ 799.99, $ 999.99, $ 1049.99, $ 1049.99, $ 1049.99, $ 1449.99, $ 1449.99]",4.2,3439,Plush,Side Sleepers,Innerspring,"11.75""",Yes,Yes,Yes,Yes,Yes,Yes,No,13
"Sealy Posturepedic® Hybrid Yesrman 12"" Medium Mattress","[“Twin”, “Twin XL”, “Full”, “Queen”, “King”, “Cal King”, “Split Cal King”]","['images/Sealy_Posturepedic®_Hybrid_Yesrman_12_Medium_Mattress/image_1.jpg', 'images/Sealy_Posturepedic®_Hybrid_Yesrman_12_Medium_Mattress/image_2.jpg']","[$ 899.99, $ 999.99, $ 999.99, $ 1099.99, $ 1299.99, $ 1299.99, $ 999.99]",4.4,3437,Medium,"Side, Stomach and Back Sleepers",Hybrid,"12""",Yes,Yes,Yes,Yes,Yes,Yes,No,14
"Serta Perfect Sleeper® Elkins III 10"" Firm Mattress","[“Twin”, “Twin XL”, “Full”, “Queen”, “King”, “Cal King”]","['images/Serta_Perfect_Sleeper®_Elkins_III_10_Firm_Mattress/image_1.jpg', 'images/Serta_Perfect_Sleeper®_Elkins_III_10_Firm_Mattress/image_2.jpg']","[$ 327.99, $ 404.99, $ 404.99, $ 449.99, $ 539.99, $ 539.99]",4,1401,Firm,"Back and Stomach Sleepers, Pain and Temperature",Foam,,No,No,No,No,No,No,No,15
"Serta Perfect Sleeper® Nurture Night 14.5"" Pillow Top Mattress","[“Twin”, “Twin XL”, “Full”, “Queen”, “King”, “Cal King”]","['images/Serta_Perfect_Sleeper®_Nurture_Night_14.5_Pillow_Top_Mattress/image_1.jpg', 'images/Serta_Perfect_Sleeper®_Nurture_Night_14.5_Pillow_Top_Mattress/image_2.jpg']","[$ 612.99, $ 651.99, $ 674.99, $ 689.99, $ 958.99, $ 958.99]",4.5,544,Plush,"Side Sleepers, Pain and Bed Partner",Memory Foam,,No,No,No,No,No,No,No,16
"Sealy Posturepedic® Silver Pine 15"" Medium Euro Top Mattress","[“Twin”, “Twin XL”, “Full”, “Queen”, “King”, “Cal King”, “Split Cal King”]","['images/Sealy_Posturepedic®_Silver_Pine_15_Medium_Euro_Top_Mattress/image_1.jpg', 'images/Sealy_Posturepedic®_Silver_Pine_15_Medium_Euro_Top_Mattress/image_2.jpg', 'images/Sealy_Posturepedic®_Silver_Pine_15_Medium_Euro_Top_Mattress/image_3.jpg']","[$ 675.99, $ 769.99, $ 769.99, $ 779.99, $ 935.99, $ 935.99, $ 769.99]",4.4,576,Medium,"All Sleep Positions, Pain and Bed Partner",Innerspring,"15""",Yes,No,Yes,Yes,Yes,Yes,No,17
Sleepy's Rest Firm 2.0 Innerspring Mattress,"[“Twin”, “Twin XL”, “Full”, “Queen”, “King”, “Cal King”]","['images/Sleepys_Rest_Firm_2.0_Innerspring_Mattress/image_1.jpg', 'images/Sleepys_Rest_Firm_2.0_Innerspring_Mattress/image_2.jpg', 'images/Sleepys_Rest_Firm_2.0_Innerspring_Mattress/image_3.jpg']","[$ 239.99, $ 249.99, $ 329.99, $ 349.99, $ 449.99, $ 449.99]",4.2,5753,Firm,Back and Stomach Sleepers,Innerspring,"9.5""",Yes,Yes,Yes,Yes,Yes,Yes,Yes,18
Serta Perfect Sleeper® Sleep Excellence™ Plush Mattress,"[“Twin”, “Twin XL”, “Full”, “Queen”, “King”, “Cal King”]","['images/Serta_Perfect_Sleeper®_Sleep_Excellence™_Plush_Mattress/image_1.jpg', 'images/Serta_Perfect_Sleeper®_Sleep_Excellence™_Plush_Mattress/image_2.jpg']","[$ 599.99, $ 699.99, $ 779.99, $ 799.99, $ 1099.99, $ 1099.99]",4.2,407,Plush,"Side Sleepers, Pain and Toss and Turn",Memory Foam,,No,No,No,No,No,No,No,19
"Tulo Bamboo 8"" Medium Green Tea Memory Foam Mattress","[“Twin”, “Twin XL”, “Full”, “Queen”, “King”]","['images/Tulo_Bamboo_8_Medium_Green_Tea_Memory_Foam_Mattress/image_1.jpg', 'images/Tulo_Bamboo_8_Medium_Green_Tea_Memory_Foam_Mattress/image_2.jpg', 'images/Tulo_Bamboo_8_Medium_Green_Tea_Memory_Foam_Mattress/image_3.jpg']","[$ 180.99, $ 191.99, $ 220.99, $ 249.99, $ 292.99]",4.2,4571,Medium,"Side, Stomach and Back Sleepers",Memory Foam,"8""",No,No,Yes,Yes,Yes,Yes,Yes,20
"Serta Classic® Blissville 12.5"" Plush Euro Top Mattress","[“Twin”, “Twin XL”, “Full”, “Queen”, “King”, “Cal King”]","['images/Serta_Classic®_Blissville\xa0_12.5_Plush_Euro_Top_Mattress/image_1.jpg', 'images/Serta_Classic®_Blissville\xa0_12.5_Plush_Euro_Top_Mattress/image_2.jpg']","[$ 399.99, $ 432.99, $ 486.99, $ 499.99, $ 799.99, $ 799.99]",4.9,96,Plush,"Side Sleepers, Pain and Temperature",Plush,,No,No,No,No,No,No,No,21
"Serta Classic® Blissville 11.5"" Medium Mattress","[“Twin”, “Twin XL”, “Full”, “Queen”, “King”, “Cal King”]","['images/Serta_Classic®_Blissville\xa0_11.5_Medium_Mattress/image_1.jpg', 'images/Serta_Classic®_Blissville\xa0_11.5_Medium_Mattress/image_2.jpg']","[$ 330.99, $ 363.99, $ 429.99, $ 449.99, $ 727.99, $ 727.99]",4.8,93,Medium,"All Sleep Positions, Pain and Temperature",Foam,,No,No,No,No,No,No,No,22
"Nectar Premier 13"" Medium Memory Foam Mattress","[“Twin”, “Twin XL”, “Full”, “Queen”, “King”, “Cal King”]","['images/Nectar_Premier_13_Medium_Memory_Foam_Mattress/image_1.jpg', 'images/Nectar_Premier_13_Medium_Memory_Foam_Mattress/image_2.jpg']","[$ 549.99, $ 749.99, $ 899.99, $ 949.99, $ 1099.99, $ 1099.99]",4.7,26,Medium,"All Sleep Positions, Pain and Bed Partner",Memory Foam,,No,No,No,No,No,No,No,23
"Serta Classic® Blissville 12.5"" Firm Mattress","[“Twin”, “Twin XL”, “Full”, “Queen”, “King”, “Cal King”]","['images/Serta_Classic®_Blissville\xa0_12.5_Firm_Mattress/image_1.jpg', 'images/Serta_Classic®_Blissville\xa0_12.5_Firm_Mattress/image_2.jpg']","[$ 599.99, $ 649.99, $ 729.99, $ 749.99, $ 1199.99, $ 1199.99]",4.8,92,Firm,"Back and Stomach Sleepers, Pain and Temperature",Foam,,No,No,No,No,No,No,No,24
"Nectar Luxe 14"" Medium Hybrid Mattress","[“Twin”, “Twin XL”, “Full”, “Queen”, “King”, “Cal King”]","['images/Nectar_Luxe_14_Medium_Hybrid_Mattress/image_1.jpg', 'images/Nectar_Luxe_14_Medium_Hybrid_Mattress/image_2.jpg']","[$ 1099.99, $ 1299.99, $ 1299.99, $ 1399.99, $ 1799.99, $ 1799.99]",4.3,0,Medium,"All Sleep Positions, Pain and Bed Partner",Hybrid,,No,No,No,No,No,No,No,25
"Nectar Classic 12"" Firm Hybrid Mattress","[“Twin”, “Twin XL”, “Full”, “Queen”, “King”, “Cal King”]","['images/Nectar_Classic_12_Firm_Hybrid_Mattress/image_1.jpg', 'images/Nectar_Classic_12_Firm_Hybrid_Mattress/image_2.jpg']","[$ 499.99, $ 749.99, $ 749.99, $ 799.99, $ 999.99, $ 999.99]",4.3,0,Firm,"Back and Stomach Sleepers, Pain and Bed Partner",Hybrid,,No,No,No,No,No,No,No,26
"Nectar Luxe 14"" Medium Memory Foam Mattress","[“Twin”, “Twin XL”, “Full”, “Queen”, “King”, “Cal King”]","['images/Nectar_Luxe_14_Medium_Memory_Foam_Mattress/image_1.jpg', 'images/Nectar_Luxe_14_Medium_Memory_Foam_Mattress/image_2.jpg']","[$ 99.99, $ 1099.99, $ 1199.99, $ 1249.99, $ 1499.99, $ 1499.99]",4.4,17,Medium,"All Sleep Positions, Pain and Bed Partner",Memory Foam,,No,No,No,No,No,No,No,27
"Nectar Premier 13"" Medium Hybrid Mattress","[“Twin”, “Twin XL”, “Queen”, “King”, “Cal King”]","['images/Nectar_Premier_13_Medium_Hybrid_Mattress/image_1.jpg', 'images/Nectar_Premier_13_Medium_Hybrid_Mattress/image_2.jpg']","[$ 799.99, $ 999.99, $ 1099.99, $ 1299.99, $ 1299.99]",4.3,0,Medium,"All Sleep Positions, Pain and Bed Partner",Hybrid,,No,No,No,No,No,No,No,28
"Serta iComfort Aspire 14"" Plush Mattress","[“Twin XL”, “Full”, “Queen”, “King”, “Cal King”]","['images/Serta_iComfort_Aspire_14_Plush_Mattress/image_1.jpg', 'images/Serta_iComfort_Aspire_14_Plush_Mattress/image_2.jpg', 'images/Serta_iComfort_Aspire_14_Plush_Mattress/image_3.jpg']","[$ 1499.99, $ 1849.99, $ 1999.99, $ 2699.99, $ 2699.99]",4.7,16,Plush,"Side Sleepers, Pain and Temperature",Plush,,No,No,No,No,No,No,No,29
"Serta iComfort Elana 11.5"" Firm Mattress","[“Twin XL”, “Full”, “Queen”, “King”, “Cal King”]","['images/Serta_iComfort_Elana_11.5_Firm_Mattress/image_1.jpg', 'images/Serta_iComfort_Elana_11.5_Firm_Mattress/image_2.jpg', 'images/Serta_iComfort_Elana_11.5_Firm_Mattress/image_3.jpg']","[$ 999.99, $ 1499.99, $ 1299.99, $ 1899.99, $ 1899.99]",4.8,17,Firm,"Back and Stomach Sleepers, Pain and Temperature",Foam,,No,No,No,No,No,No,No,30
"Serta iComfort Aspire 14"" Medium Mattress","[“Twin XL”, “Full”, “Queen”, “King”, “Cal King”]","['images/Serta_iComfort_Aspire_14_Medium_Mattress/image_1.jpg', 'images/Serta_iComfort_Aspire_14_Medium_Mattress/image_2.jpg', 'images/Serta_iComfort_Aspire_14_Medium_Mattress/image_3.jpg']","[$ 1499.99, $ 1849.99, $ 1999.99, $ 2699.99, $ 2699.99]",4.6,17,Medium,"All Sleep Positions, Pain and Temperature",Memory Foam,,No,No,No,No,No,No,No,31
"Serta iComfort Aveda 12"" Plush Mattress","[“Twin XL”, “Full”, “Queen”, “King”, “Cal King”]","['images/Serta_iComfort_Aveda_12_Plush_Mattress/image_1.jpg', 'images/Serta_iComfort_Aveda_12_Plush_Mattress/image_2.jpg', 'images/Serta_iComfort_Aveda_12_Plush_Mattress/image_3.jpg']","[$ 1199.99, $ 1349.99, $ 1499.99, $ 2099.99, $ 2099.99]",4.5,14,Plush,"Side Sleepers, Pain and Temperature",Memory Foam,,No,No,No,No,No,No,No,32
"Tulo Bamboo 6"" Firm Green Tea Memory Foam Mattress","[“Twin”, “Twin XL”, “Full”, “Queen”, “King”]","['images/Tulo_Bamboo_6_Firm_Green_Tea_Memory_Foam_Mattress/image_1.jpg', 'images/Tulo_Bamboo_6_Firm_Green_Tea_Memory_Foam_Mattress/image_2.jpg', 'images/Tulo_Bamboo_6_Firm_Green_Tea_Memory_Foam_Mattress/image_3.jpg']","[$ 136.99, $ 142.99, $ 177.99, $ 199.99, $ 231.99]",4.2,4571,Firm,Back and Stomach Sleepers,Memory Foam,"6""",No,No,Yes,Yes,Yes,Yes,Yes,33
Sleepy's Basic Foam Mattress,"[“Twin”, “Full”, “Queen”, “King”]","['images/Sleepys_Basic_Foam_Mattress/image_1.jpg', 'images/Sleepys_Basic_Foam_Mattress/image_2.jpg', 'images/Sleepys_Basic_Foam_Mattress/image_3.jpg']","[$ 139.99, $ 159.99, $ 160.99, $ 219.99]",3.4,1083,Firm,Back and Stomach Sleepers,Foam,"6""",Yes,Yes,Yes,Yes,Yes,Yes,Yes,34
"Sealy Essentials™ Sudley 8.5"" Firm Mattress","[“Twin”, “Twin XL”, “Full”, “Queen”, “King”, “Cal King”, “Split Cal King”]","['images/Sealy_Essentials™_Sudley_8.5_Firm_Mattress/image_1.jpg', 'images/Sealy_Essentials™_Sudley_8.5_Firm_Mattress/image_2.jpg']","[$ 239.99, $ 279.99, $ 299.99, $ 319.99, $ 399.99, $ 399.99, $ 279.99]",4,842,Firm,Back and Stomach Sleepers,Innerspring,"8.5""",Yes,Yes,Yes,Yes,Yes,Yes,,35
Sleepy's By Sealy Memory Foam Plush Mattress,"[“Twin”, “Twin XL”, “Full”, “Queen”, “King”, “Cal King”]","['images/Sleepys_By_Sealy_Memory_Foam_Plush_Mattress/image_1.jpg', 'images/Sleepys_By_Sealy_Memory_Foam_Plush_Mattress/image_2.jpg', 'images/Sleepys_By_Sealy_Memory_Foam_Plush_Mattress/image_3.jpg']","[$ 349.99, $ 391.99, $ 419.99, $ 461.99, $ 531.99, $ 531.99",4.2,1536,Plush,Side Sleepers,Memory Foam,"12""",Yes,No,Yes,Yes,Yes,Yes,Yes,36
"Serta iComfort Iona 13"" Plush Mattress","[“Twin XL”, “Full”, “Queen”, “King”, “Cal King”]","['images/Serta_iComfort_Iona_13_Plush_Mattress/image_1.jpg', 'images/Serta_iComfort_Iona_13_Plush_Mattress/image_2.jpg', 'images/Serta_iComfort_Iona_13_Plush_Mattress/image_3.jpg']","[$ 1299.99, $ 1649.99, $ 1799.99, $ 2499.99, $ 2499.99]",4.3,15,Plush,"Side Sleepers, Pain and Temperature",Memory Foam,,No,No,No,No,No,No,No,37
"Serta iComfort Iona 13"" Medium Mattress","[“Twin XL”, “Full”, “Queen”, “King”, “Cal King”]","['images/Serta_iComfort_Iona_13_Medium_Mattress/image_1.jpg', 'images/Serta_iComfort_Iona_13_Medium_Mattress/image_2.jpg', 'images/Serta_iComfort_Iona_13_Medium_Mattress/image_3.jpg']","[$ 1299.99, $ 1649.99, $ 1799.99, $ 2499.99, $ 2499.99]",N/A,N/A,Medium,"All Sleep Positions, Pain and Temperature",Memory Foam,,No,No,No,No,No,No,No,38
"Serta iComfort Aveda 12"" Medium Mattress","[“Twin XL”, “Full”, “Queen”, “King”, “Cal King”]","['images/Serta_iComfort_Aveda_12_Medium_Mattress/image_1.jpg', 'images/Serta_iComfort_Aveda_12_Medium_Mattress/image_2.jpg', 'images/Serta_iComfort_Aveda_12_Medium_Mattress/image_3.jpg']","[$ 1199.99, $ 1349.99, $ 1499.99, $ 2099.99, $ 2099.99]",4.6,14,Medium,"All Sleep Positions, Pain and Temperature",Memory Foam,,No,No,No,No,No,No,No,39
"Sealy Essentials™ Winter Green 12"" Medium Euro Top Mattress","[“Twin”, “Twin XL”, “Full”,“Queen”, “King”, “Cal King”, “Split Cal King”]","['images/Sealy_Essentials™_Winter_Green_12_Medium_Euro_Top_Mattress/image_1.jpg', 'images/Sealy_Essentials™_Winter_Green_12_Medium_Euro_Top_Mattress/image_2.jpg']","[$ 306.99, $ 322.99, $ 412.99, $ 445.99, $ 601.99, $ 601.99, $ 322.99]",N/A,N/A,Medium,"Side, Stomach and Back Sleepers",Innerspring,"12""",Yes,No,Yes,Yes,Yes,Yes,Yes,40
"Sealy Posturepedic® Plus Satisfied II 14"" Plush Mattress","[“Twin”, “Twin XL”, “Full”,“Queen”, “King”, “Cal King”, “Split Cal King”]","['images/Sealy_Posturepedic®_Plus_Satisfied_II_14_Plush_Mattress/image_1.jpg', 'images/Sealy_Posturepedic®_Plus_Satisfied_II_14_Plush_Mattress/image_2.jpg']","[$ 633.99, $ 730.99, $ 769.99, $ 779.99, $ 974.99, $ 974.99, $ 730.99]",3.7,184,Plush,Side Sleepers,Innerspring,"14""",Yes,Yes,Yes,Yes,Yes,Yes,No,41
"Serta Perfect Sleeper® Nurture Night 12"" Firm Mattress","[“Twin”, “Twin XL”, “Full”,“Queen”, “King”, “Cal King”]","['images/Serta_Perfect_Sleeper®_Nurture_Night_12_Firm_Mattress/image_1.jpg', 'images/Serta_Perfect_Sleeper®_Nurture_Night_12_Firm_Mattress/image_2.jpg']","[$ 479.99, $ 519.99, $ 543.99, $ 559.99, $ 799.99, $ 799.99]",N/A,N/A,Firm,"Back and Stomach Sleepers, Pain and Bed Partner",Memory Foam,,No,No,No,No,No,No,No,42
Sleepy's Basic Hybrid Mattress,"[“Twin”, “Twin XL”, “Full”,“Queen”, “King”, “Cal King”]","['images/Sleepys_Basic_Hybrid_Mattress/image_1.jpg', 'images/Sleepys_Basic_Hybrid_Mattress/image_2.jpg']","[$ 399.99, $ 419.99, $ 449.99, $ 499.99, $ 599.99, $ 599.99]",N/A,N/A,Medium,"Side, Stomach and Back Sleepers",Hybrid,"10""",Yes,Yes,Yes,Yes,Yes,Yes,Yes,43
"Serta Perfect Sleeper® Oasis Sleep 14.5"" Firm Pillow Top Mattress","[“Twin”, “Twin XL”, “Full”,“Queen”, “King”, “Cal King”]","['images/Serta_Perfect_Sleeper®_Oasis_Sleep_14.5_Firm_Pillow_Top_Mattress/image_1.jpg', 'images/Serta_Perfect_Sleeper®_Oasis_Sleep_14.5_Firm_Pillow_Top_Mattress/image_2.jpg']","[$ 692.99, $ 730.99, $ 754.99, $ 769.99, $ 10777.99, $ 1077.99]",4.6,554,Firm,"Back and Stomach Sleepers, Pain and Bed Partner",Memory Foam,,No,No,No,No,No,No,No,44
Sleepy's Basic Memory Foam Firm Mattress,"[“Twin”, “Twin XL”, “Full”,“Queen”, “King”, “Cal King”]","['images/Sleepys_Basic_Memory_Foam_Firm_Mattress/image_1.jpg', 'images/Sleepys_Basic_Memory_Foam_Firm_Mattress/image_2.jpg', 'images/Sleepys_Basic_Memory_Foam_Firm_Mattress/image_3.jpg']","[$ 229.99, $ 249.99, $ 299.99, $ 329.99, $ 399.99, $ 399.99]",N/A,N/A,Firm,Back and Stomach Sleepers,Memory Foam,"8""",Yes,Yes,Yes,Yes,Yes,Yes,Yes,45
"DreamCloud 14"" Hybrid Mattress","[“Twin”, “Twin XL”, “Full”,“Queen”, “King”, “Cal King”]","['images/DreamCloud_14_Hybrid_Mattress/image_1.jpg', 'images/DreamCloud_14_Hybrid_Mattress/image_2.jpg']","[$ 419.99, $ 545.99, $ 599.99, $ 665.99, $ 835.99, $ 835.99]",4.2,13653,Firm,"Back and Stomach Sleepers, Pain and Temperature",Memory Foam,,No,No,No,No,No,No,No,46
"Sealy Essentials™ Winter Green 12"" Plush Euro Top Mattress","[“Twin”, “Twin XL”, “Full”, “Queen”, “King”, “Cal King”, “Split Cal King”]","['images/Sealy_Essentials™_Winter_Green_12_Plush_Euro_Top_Mattress/image_1.jpg', 'images/Sealy_Essentials™_Winter_Green_12_Plush_Euro_Top_Mattress/image_2.jpg', 'images/Sealy_Essentials™_Winter_Green_12_Plush_Euro_Top_Mattress/image_3.jpg']","[$ 306.99, $ 322.99, $ 412.99, $ 445.99, $ 601.99, $ 601.99, $ 322.99]",N/A,N/A,Plush,Side Sleepers,Innerspring,"12""",Yes,No,Yes,Yes,Yes,Yes,Yes,47
"Beautyrest Silver® BRS900 11.75"" Medium Firm Mattress","[“Twin”, “Twin XL”, “Full”, “Queen”, “King”, “Cal King”]","['images/Beautyrest_Silver®_BRS900_11.75_Medium_Firm_Mattress/image_1.jpg', 'images/Beautyrest_Silver®_BRS900_11.75_Medium_Firm_Mattress/image_2.jpg']","[$ 541.99, $ 619.99, $ 619.99, $ 639.99, $ 787.99, $ 787.99]",4,1197,Medium,"Side, Stomach and Back Sleepers",Innerspring,"11.75""",Yes,Yes,Yes,Yes,Yes,Yes,No,48
"Sealy Posturepedic® Plus Hybrid High Point 14"" Plush Mattress","[“Twin XL”, “Full”,“Queen”, “King”, “Cal King”, “Split Cal King”]","['images/Sealy_Posturepedic®_Plus_Hybrid_High_Point_14_Plush_Mattress/image_1.jpg', 'images/Sealy_Posturepedic®_Plus_Hybrid_High_Point_14_Plush_Mattress/image_2.jpg']","[$ 2379.99, $ 2389.99, $ 2399.99, $ 2899.99, $ 2899.99, $ 2379.99]",N/A,N/A,Plush,Side Sleepers,Hybrid,"14""",Yes,Yes,Yes,Yes,Yes,Yes,No,49
"Tempur-Pedic TEMPUR-ProAdapt® 12"" Medium Hybrid Mattress","[“Twin”, “Twin XL”, “Full”,“Queen”, “King”, “Cal King”, “Split Cal King”]","['images/Tempur-Pedic_TEMPUR-ProAdapt®_12_Medium_Hybrid_Mattress/image_1.jpg', 'images/Tempur-Pedic_TEMPUR-ProAdapt®_12_Medium_Hybrid_Mattress/image_2.jpg']","[$ 2899.99, $ 2899.99, $ 3249.99, $ 3399.99, $ 4099.99, $ 4099.99, $ 2899.99]",N/A,N/A,Medium,"Side, Stomach and Back Sleepers",Hybrid,"12""",Yes,Yes,Yes,Yes,Yes,Yes,No,50
"Tulo 10"" Medium Cooling Hybrid Mattress","[“Twin”, “Twin XL”, “Full”,“Queen”, “King”, “Cal King”]","['images/Tulo_10_Medium_Cooling_Hybrid_Mattress/image_1.jpg', 'images/Tulo_10_Medium_Cooling_Hybrid_Mattress/image_2.jpg', 'images/Tulo_10_Medium_Cooling_Hybrid_Mattress/image_3.jpg']","[$ 261.99, $ 289.99, $ 314.99, $ 349.99, $ 436.99, $ 436.99]",4.1,103,Medium,"Side, Stomach and Back Sleepers",Hybrid,"10""",Yes,Yes,,Yes,Yes,Yes,Yes,51
Sleepy's Hybrid Medium Mattress,"[“Twin”, “Twin XL”, “Full”,“Queen”, “King”, “Cal King”]","['images/Sleepys_Hybrid_Medium_Mattress/image_1.jpg', 'images/Sleepys_Hybrid_Medium_Mattress/image_2.jpg']","[$ 849.99, $ 899.99, $ 949.99, $ 999.99, $ 1399.99, $ 1399.99]",N/A,N/A,Medium,"Side, Stomach and Back Sleepers",Hybrid,"13""",Yes,Yes,Yes,Yes,Yes,Yes,Yes,52
Sleepy's By Sealy® Plush Euro Top Mattress,"[“Twin”, “Twin XL”, “Full”, “Full XL”,“Queen”, “King”, “Cal King”]","['images/Sleepys_By_Sealy®_Plush_Euro_Top_Mattress/image_1.jpg', 'images/Sleepys_By_Sealy®_Plush_Euro_Top_Mattress/image_2.jpg']","[$ 749.99, $ 652.99, $ 929.99, $ 742.99, $ 949.99, $ 1249.99, $ 922.99]",4.2,682,Plush,Side Sleepers,Innerspring,"13""",Yes,Yes,Yes,Yes,Yes,Yes,No,53
Sleepy's Rest Medium Innerspring Mattress,"[“Twin”, “Twin XL”, “Full”,“Queen”, “King”, “Cal King”]","['images/Sleepys_Rest_Medium_Innerspring_Mattress/image_1.jpg', 'images/Sleepys_Rest_Medium_Innerspring_Mattress/image_2.jpg', 'images/Sleepys_Rest_Medium_Innerspring_Mattress/image_3.jpg']","[$ 239.99, $ 249.99, $ 329.99, $ 349.99, $ 449.99, $ 449.99]",4.2,5753,Medium,"Side, Stomach and Back Sleepers",Innerspring,"9.5""",Yes,Yes,Yes,Yes,Yes,Yes,Yes,54
"Serta Perfect Sleeper® Oasis Sleep 14.5"" Pillow Top Mattress","[“Twin”, “Twin XL”, “Full”,“Queen”, “King”, “Cal King”]","['images/Serta_Perfect_Sleeper®_Oasis_Sleep_14.5_Pillow_Top_Mattress/image_1.jpg', 'images/Serta_Perfect_Sleeper®_Oasis_Sleep_14.5_Pillow_Top_Mattress/image_2.jpg']","[$ 692.99, $ 730.99, $ 754.99, $ 769.99, $ 1077.99, $ 1077.99]",4.6,506,Firm,"Back and Stomach Sleepers, Pain and Bed Partner",Memory Foam,,No,No,No,No,No,No,No,55
"Tempur-Pedic TEMPUR-Adapt® 11"" Medium Mattress","[“Twin”, “Twin XL”, “Full”,“Queen”, “King”, “Cal King”, “Split Cal King”]","['images/Tempur-Pedic_TEMPUR-Adapt®_11_Medium_Mattress/image_1.jpg', 'images/Tempur-Pedic_TEMPUR-Adapt®_11_Medium_Mattress/image_2.jpg']","[$ 1699.99, $ 1699.99, $ 2049.99, $ 2199.99, $ 2899.99, $ 2899.99, $ 1699.99]",N/A,N/A,Medium,"Side, Stomach and Back Sleepers",Memory Foam,"11""",Yes,Yes,Yes,Yes,Yes,Yes,No,56
"Serta Perfect Sleeper® Nurture Night 13.5"" Plush Mattress","[“Twin”, “Twin XL”, “Full”,“Queen”, “King”, “Cal King”]","['images/Serta_Perfect_Sleeper®_Nurture_Night_13.5_Plush_Mattress/image_1.jpg', 'images/Serta_Perfect_Sleeper®_Nurture_Night_13.5_Plush_Mattress/image_2.jpg']","[$ 559.99, $ 599.99, $ 623.99, $ 639.99, $ 879.99, $ 879.99]",4.7,450,Plush,"Side Sleepers, Pain and Bed Partner",Memory Foam,,No,No,No,No,No,No,No,57
"Beautyrest PressureSmart™ 2.0 Firm 11"" Mattress","[“Twin”, “Twin XL”, “Full”, “Full XL”,“Queen”, “King”, “Cal King”, “Split Cal King”]","['images/Beautyrest_PressureSmart™_2.0_Firm_11_Mattress/image_1.jpg', 'images/Beautyrest_PressureSmart™_2.0_Firm_11_Mattress/image_2.jpg']","[$ 999.99, $ 1199.99, $ 1349.99, $ 1349.99, $ 1399.99, $ 1849.99, $ 1849.99, $ 1199.99]",N/A,N/A,Firm,Back and Stomach Sleepers,Innerspring,"11""",Yes,Yes,Yes,Yes,Yes,Yes,No,58
"Sealy Posturepedic® Summer Rose 12"" Firm Mattress","[“Twin”, “Twin XL”, “Full”,“Queen”, “King”, “Cal King”, “Split Cal King”]","['images/Sealy_Posturepedic®_Summer_Rose_12_Firm_Mattress/image_1.jpg', 'images/Sealy_Posturepedic®_Summer_Rose_12_Firm_Mattress/image_2.jpg']","[$ 396.99, $ 516.99, $ 516.99, $ 529.99, $ 728.99, $ 728.99, $ 516.99]",3.8,315,Firm,Back and Stomach Sleepers,Innerspring,"12""",Yes,Yes,Yes,Yes,Yes,Yes,No,59
"Tulo 13"" Medium Firm Cooling Hybrid Mattress","[“Twin”, “Twin XL”, “Full”,“Queen”, “King”, “Cal King”]","['images/Tulo_13_Medium_Firm_Cooling_Hybrid_Mattress/image_1.jpg', 'images/Tulo_13_Medium_Firm_Cooling_Hybrid_Mattress/image_2.jpg', 'images/Tulo_13_Medium_Firm_Cooling_Hybrid_Mattress/image_3.jpg']","[$ 374.99, $ 393.99, $ 411.99, $ 449.99, $ 561.99, $ 561.99]",3.8,124,Medium,"Side, Stomach and Back Sleepers",Hybrid,"13""",Yes,Yes,No,Yes,Yes,Yes,Yes,60
"Zinus Cooling Gel Memory Foam Pocket Hybrid 10"" Mattress","[“Twin”, “Queen”, “King”]","['images/Zinus_Cooling_Gel_Memory_Foam_Pocket_Hybrid_10_Mattress/image_1.jpg', 'images/Zinus_Cooling_Gel_Memory_Foam_Pocket_Hybrid_10_Mattress/image_2.jpg', 'images/Zinus_Cooling_Gel_Memory_Foam_Pocket_Hybrid_10_Mattress/image_3.jpg']","[$ 274.99, $ 404.99, $ 491.99]",3.7,26,Medium,"All Sleep Positions, Bed Partner and Pain",Hybrid,,No,No,No,No,No,No,No,61
"Sealy Posturepedic® Hybrid Lacey 13"" Plush Mattress","[“Twin”, “Twin XL”, “Full”,“Queen”, “King”, “Cal King”, “Split Cal King”]","['images/Sealy_Posturepedic®_Hybrid_Lacey_13_Plush_Mattress/image_1.jpg', 'images/Sealy_Posturepedic®_Hybrid_Lacey_13_Plush_Mattress/image_2.jpg', 'images/Sealy_Posturepedic®_Hybrid_Lacey_13_Plush_Mattress/image_3.jpg']","[$ 899.99, $ 959.99, $ 1079.99, $ 1149.99, $ 1399.99, $ 1399.99, $ 959.99]",4.6,2237,Plush,Side Sleepers,Hybrid,"13""",Yes,Yes,Yes,Yes,Yes,Yes,No,62
"Beautyrest Black® Series Three 15.25"" Medium Mattress","[“Twin XL”, “Full”,“Queen”, “King”, “Cal King”, “Split Cal King”]","['images/Beautyrest_Black®_Series_Three_15.25_Medium_Mattress/image_1.jpg', 'images/Beautyrest_Black®_Series_Three_15.25_Medium_Mattress/image_2.jpg']","[$ 3049.99, $ 3329.99, $ 3599.99, $ 4299.99, $ 4299.99, $ 3049.99]",4.4,568,Medium,"All Sleep Positions, Pain and Bed Partner",Memory Foam,,No,No,No,No,No,No,No,63
"Beautyrest PressureSmart™ 2.0 Extra Firm 13.5"" Mattress","[“Split Cal King”, “Twin”, “Twin XL”, “Full”,“Queen”, “King”, “Cal King”]","['images/Beautyrest_PressureSmart™_2.0_Extra_Firm_13.5_Mattress/image_1.jpg', 'images/Beautyrest_PressureSmart™_2.0_Extra_Firm_13.5_Mattress/image_2.jpg']","[$ 1299.99, $ 1249.99, $ 1299.99, $ 1349.99, $ 1499.99, $ 1899.99, $ 1899.99]",4.3,1031,Extra Firm,Back and Stomach Sleepers,Innerspring,"13.5""",Yes,Yes,Yes,Yes,Yes,Yes,No,64
"Tempur-Pedic TEMPUR-Cloud® 10"" Medium Mattress","[“Twin”, “Twin XL”, “Full”, “Queen”, “King”, “Cal King”]","['images/Tempur-Pedic_TEMPUR-Cloud®_10_Medium_Mattress/image_1.jpg', 'images/Tempur-Pedic_TEMPUR-Cloud®_10_Medium_Mattress/image_2.jpg', 'images/Tempur-Pedic_TEMPUR-Cloud®_10_Medium_Mattress/image_3.jpg']","[$ 1189.99, $ 1189.99, $ 1329.99, $ 1399.99, $ 1679.99, $ 1679.99]",4.4,1323,Medium,"All Sleep Positions, Bed Partner and Pain",,,No,No,No,No,No,No,No,65
"Beautyrest Black® Series Three 16.75"" Plush Pillow Top Mattress","[“Twin XL”, “Full”,“Queen”, “King”, “Cal King”, “Split Cal King”]","['images/Beautyrest_Black®_Series_Three_16.75_Plush_Pillow_Top_Mattress/image_1.jpg', 'images/Beautyrest_Black®_Series_Three_16.75_Plush_Pillow_Top_Mattress/image_2.jpg']","[$ 3499.99, $ 3729.99, $ 3999.99, $ 4699.99, $ 4699.99, $ 3449.99]",4.3,331,Plush,"Side Sleepers, Pain and Bed Partner",,,No,No,No,No,No,No,No,66
"Tempur-Pedic TEMPUR-LuxeBreeze® Medium Hybrid 13"" Mattress","[“Twin XL”,“Queen”, “King”, “Cal King”, “Split Cal King”]","['images/Tempur-Pedic_TEMPUR-LuxeBreeze®_Medium_Hybrid_13_Mattress/image_1.jpg', 'images/Tempur-Pedic_TEMPUR-LuxeBreeze®_Medium_Hybrid_13_Mattress/image_2.jpg']","[$ 5099.99, $ 5599.99, $ 6299.99, $ 6299.99, $ 5099.99]",4.1,903,Medium,"Side, Stomach and Back Sleepers",Hybrid,"13""",Yes,Yes,Yes,Yes,Yes,Yes,No,67
"Beautyrest PressureSmart™ 2.0 Hybrid Firm 13"" Mattress","[“Twin”, “Twin XL”, “Full”,“Queen”, “King”, “Cal King”, “Split Cal King”]","['images/Beautyrest_PressureSmart™_2.0_Hybrid_Firm_13_Mattress/image_1.jpg', 'images/Beautyrest_PressureSmart™_2.0_Hybrid_Firm_13_Mattress/image_2.jpg']","[$ 1149.99, $ 1249.99, $ 1249.99, $ 1399.99, $ 1799.99, $ 1799.99, $ 1249.99]",4.4,598,Firm,Back and Stomach Sleepers,Hybrid,"13""",Yes,Yes,Yes,Yes,Yes,Yes,No,68
"Stearns & Foster Studio 14"" Medium Mattress","[“Twin”, “Twin XL”, “Full”,“Queen”, “King”, “Cal King”, “Split Cal King”]","['images/Stearns_&_Foster_Studio_14_Medium_Mattress/image_1.jpg', 'images/Stearns_&_Foster_Studio_14_Medium_Mattress/image_2.jpg']","[$ 1699.99, $ 1699.99, $ 1749.99, $ 1799.99, $ 2399.99, $ 2399.99, $ 1699.99]",4.3,923,Medium,"Side, Stomach and Back Sleepers",Innerspring,"14""",Yes,Yes,Yes,Yes,Yes,Yes,No,69
Zinus Green Tea 6” Cushioned Firm Memory Foam Mattress,"[“Twin”, “Full”,“Queen”, “King”, “RV Short Queen”, “Narrow Twin”]","['images/Zinus_Green_Tea_6”_Cushioned_Firm_Memory_Foam__Mattress/image_1.jpg', 'images/Zinus_Green_Tea_6”_Cushioned_Firm_Memory_Foam__Mattress/image_2.jpg', 'images/Zinus_Green_Tea_6”_Cushioned_Firm_Memory_Foam__Mattress/image_3.jpg']","[$ 164.99, $ 209.99, $ 239.99, $ 289.99, $ 229.99, $ 139.99]",4.2,1077,Firm,Back and Stomach Sleepers,Memory Foam,"6""",No,No,Yes,Yes,Yes,Yes,Yes,70
"Tulo 12"" Medium Firm Cooling Hybrid Mattress","[“Twin”, “Twin XL”, “Full”, “Queen”, “King”, “Cal King”]","['images/Tulo_12_Medium_Firm_Cooling_Hybrid_Mattress/image_1.jpg', 'images/Tulo_12_Medium_Firm_Cooling_Hybrid_Mattress/image_2.jpg', 'images/Tulo_12_Medium_Firm_Cooling_Hybrid_Mattress/image_3.jpg']","[$ 331.99, $ 351.99, $ 390.99, $ 429.99, $ 566.99, $ 566.99]",3.7,123,Medium,"Side, Stomach and Back Sleepers",Hybrid,"12""",Yes,Yes,No,Yes,Yes,Yes,Yes,71
Purple Original Mattress,"[“Twin”, “Twin XL”, “Full”,“Queen”, “King”, “Cal King”]","['images/Purple_Original_Mattress/image_1.jpg', 'images/Purple_Original_Mattress/image_2.jpg']","[$ 999.99, $ 1099.99, $ 1399.99, $ 1499.99, $ 1999.99, $ 1999.99]",4.5,26553,Medium,"Side, Stomach and Back Sleepers",--,"9.25""",Yes,Yes,Yes,Yes,Yes,Yes,Yes,72
"Beautyrest PressureSmart™ 2.0 Plush Pillow Top 13.75"" Mattress","[“Split Cal King”, “Twin”, “Twin XL”, “Full”, “Full XL”,“Queen”, “King”, “Cal King”]","['images/Beautyrest_PressureSmart™_2.0_Plush_Pillow_Top_13.75_Mattress/image_1.jpg', 'images/Beautyrest_PressureSmart™_2.0_Plush_Pillow_Top_13.75_Mattress/image_2.jpg']","[$ 1549.99, $ 1449.99, $ 1549.99, $ 1699.99, $ 1699.99, $ 1749.99, $ 2099.99, $ 2099.99]",4.2,1501,Plush,Side Sleepers,Innerspring,"13.75""",Yes,Yes,Yes,Yes,Yes,Yes,No,73
"Stearns & Foster Estate® 14.5"" Firm Mattress","[“Twin XL”, “Full”,“Queen”, “King”, “Cal King”, “Split Cal King”]","['images/Stearns_&_Foster_Estate®_14.5_Firm_Mattress/image_1.jpg', 'images/Stearns_&_Foster_Estate®_14.5_Firm_Mattress/image_2.jpg']","[$ 2299.99, $ 2349.99, $ 2399.99, $ 2999.99, $ 2999.99, $ 2299.99]",4.3,465,Firm,Back and Stomach Sleepers,Innerspring,"14.5""",Yes,Yes,Yes,Yes,Yes,Yes,No,74
Zinus Green Tea 12” Cushioned Firm Memory Foam Mattress,"[“Twin”, “Full”,“Queen”, “King”, “Cal King”]","['images/Zinus_Green_Tea_12”_Cushioned_Firm_Memory_Foam__Mattress/image_1.jpg', 'images/Zinus_Green_Tea_12”_Cushioned_Firm_Memory_Foam__Mattress/image_2.jpg', 'images/Zinus_Green_Tea_12”_Cushioned_Firm_Memory_Foam__Mattress/image_3.jpg']","[$ 279.99, $ 369.99, $ 429.99, $ 519.99, $ 519.99]",4.2,1067,Firm,Back and Stomach Sleepers,Memory Foam,"12""",No,No,Yes,Yes,Yes,Yes,Yes,75
Sleepy's By Sealy® Slumber Cushion Firm Mattress,"[“Twin”, “Twin XL”, “Full”,“Queen”, “King”]","['images/Sleepys_By_Sealy®_Slumber_Cushion_Firm_Mattress/image_1.jpg', 'images/Sleepys_By_Sealy®_Slumber_Cushion_Firm_Mattress/image_2.jpg', 'images/Sleepys_By_Sealy®_Slumber_Cushion_Firm_Mattress/image_3.jpg']","[$ 449.99, $ 479.99, $ 529.99, $ 579.99, $ 699.99]",4.4,170,Medium,"Side, Stomach and Back Sleepers",Innerspring,"10.5""",Yes,Yes,Yes,Yes,Yes,Yes,Yes,76
Zinus Green Tea 10” Cushioned Firm Memory Foam Mattress,"[“Twin”, “Full”,,“Queen”, “King”]","['images/Zinus_Green_Tea_10”_Cushioned_Firm_Memory_Foam__Mattress/image_1.jpg', 'images/Zinus_Green_Tea_10”_Cushioned_Firm_Memory_Foam__Mattress/image_2.jpg', 'images/Zinus_Green_Tea_10”_Cushioned_Firm_Memory_Foam__Mattress/image_3.jpg']","[$ 249.99, $ 319.99, $ 369.99, $ 449.99]",4.3,1049,Firm,Back and Stomach Sleepers,Memory Foam,"10""",No,No,Yes,Yes,Yes,Yes,Yes,77
Zinus Green Tea 8” Cushioned Firm Memory Foam Mattress,"[“Twin”, “Full”,“Queen”, “King”, “RV Short Queen”]","['images/Zinus_Green_Tea_8”_Cushioned_Firm_Memory_Foam__Mattress/image_1.jpg', 'images/Zinus_Green_Tea_8”_Cushioned_Firm_Memory_Foam__Mattress/image_2.jpg', 'images/Zinus_Green_Tea_8”_Cushioned_Firm_Memory_Foam__Mattress/image_3.jpg']","[$ 209.99, $ 269.99, $ 309.99, $ 379.99, $ 299.99]",N/A,N/A,Firm,Back and Stomach Sleepers,Memory Foam,"8""",No,No,Yes,Yes,Yes,Yes,Yes,78
"Beautyrest Black® Series One 13.5"" Extra Firm Mattress","[“Twin XL”, “Full”,“Queen”, “King”, “Cal King”, “Split Cal King”]","['images/Beautyrest_Black®_Series_One_13.5_Extra_Firm_Mattress/image_1.jpg', 'images/Beautyrest_Black®_Series_One_13.5_Extra_Firm_Mattress/image_2.jpg']","[$ 1549.99, $ 1829.99, $ 1999.99, $ 2599.99, $ 2599.99, $ 1549.99]",N/A,N/A,Extra Firm,"Back and Stomach Sleepers, Pain and Bed Partner",Memory Foam,,No,No,No,No,No,No,No,79
"Sealy Posturepedic® Plus Opportune II 13"" Plush Mattress","[“Twin”, “Twin XL”, “Full”,“Queen”, “King”, “Cal King”, “Split Cal King”]","['images/Sealy_Posturepedic®_Plus_Opportune_II_13_Plush_Mattress/image_1.jpg', 'images/Sealy_Posturepedic®_Plus_Opportune_II_13_Plush_Mattress/image_2.jpg', 'images/Sealy_Posturepedic®_Plus_Opportune_II_13_Plush_Mattress/image_3.jpg']","[$ 574.99, $ 624.99, $ 674.99, $ 699.99, $ 874.99, $ 874.99, $ 624.99]",3.8,65,Plush,Side Sleepers,Innerspring,"13""",Yes,Yes,Yes,Yes,Yes,Yes,No,80
"Stearns & Foster Estate® 15"" Firm Euro Pillow Top Mattress","[“Twin XL”, “Full”,“Queen”, “King”, “Cal King”, “Split Cal King”]","['images/Stearns_&_Foster_Estate®_15_Firm_Euro_Pillow_Top_Mattress/image_1.jpg', 'images/Stearns_&_Foster_Estate®_15_Firm_Euro_Pillow_Top_Mattress/image_2.jpg']","[$ 2499.99, $ 2549.99, $ 2599.99, $ 3199.99, $ 3199.99, $ 2499.99]",4.3,1321,Firm,Back and Stomach Sleepers,Innerspring,"15""",Yes,Yes,Yes,Yes,Yes,Yes,No,81
"Purple RestorePlus™ Cool Touch 13"" Hybrid Mattress","[“Twin XL”, “Full”,“Queen”, “King”, “Cal King”]","['images/Purple_RestorePlus™_Cool_Touch_13_Hybrid_Mattress/image_1.jpg', 'images/Purple_RestorePlus™_Cool_Touch_13_Hybrid_Mattress/image_2.jpg']","[$ 3045.99, $ 3345.99, $ 3495.99, $ 4095.99, $ 4095.99]",4.3,387,Medium,"All Sleep Positions, Temperature and Pain",Hybrid,,No,No,No,No,No,No,No,82
Serta Perfect Sleeper® Sleep Excellence™ Extra Firm Mattress,"[“Twin”, “Twin XL”, “Full”,“Queen”, “King”, “Cal King”]","['images/Serta_Perfect_Sleeper®_Sleep_Excellence™_Extra_Firm_Mattress/image_1.jpg', 'images/Serta_Perfect_Sleeper®_Sleep_Excellence™_Extra_Firm_Mattress/image_2.jpg']","[$ 799.99, $ 899.99, $ 979.99, $ 999.99, $ 1299.99, $ 1299.99]",4.3,453,Extra Firm,"Back and Stomach Sleepers, Pain and Toss and Turn",Memory Foam,,No,No,No,No,No,No,No,83
"Serta iSeries® 2.0 Hybrid 2000 12.5"" Firm Mattress","[“Twin XL”, “Full”,“Queen”, “King”, “Cal King”]","['images/Serta_iSeries®_2.0_Hybrid_2000_12.5_Firm_Mattress/image_1.jpg', 'images/Serta_iSeries®_2.0_Hybrid_2000_12.5_Firm_Mattress/image_2.jpg']","[$ 1699.99, $ 1949.99, $ 1999.99, $ 2499.99, $ 2499.99]",4.4,1156,Firm,Back and Stomach Sleepers,Hybrid,"12.5""",Yes,Yes,Yes,Yes,Yes,No,No,84
"DreamCloud Premier 14"" Hybrid Mattress","[“Twin”, “Twin XL”, “Full”,“Queen”, “King”, “Cal King”]","['images/DreamCloud_Premier_14_Hybrid_Mattress/image_1.jpg', 'images/DreamCloud_Premier_14_Hybrid_Mattress/image_2.jpg']","[$ 649.99, $ 799.99, $ 899.99, $ 949.99, $ 1149.99, $ 1149.99]",4.2,13579,Firm,"Back and Stomach Sleepers, Pain and Temperature",Hybrid,,No,No,No,No,No,No,No,85
Sleepy's Hybrid Firm Mattress,"[“Twin”, “Twin XL”, “Full”,“Queen”, “King”, “Cal King”]","['images/Sleepys_Hybrid_Firm_Mattress/image_1.jpg', 'images/Sleepys_Hybrid_Firm_Mattress/image_2.jpg']","[$ 899.99, $ 999.99, $ 1099.99, $ 1299.99, $ 1699.99, $ 1699.99]",4.2,1179,Firm,Back and Stomach Sleepers,Hybrid,"11""",Yes,No,Yes,Yes,Yes,Yes,Yes,86
"Serta iSeries® 2.0 Hybrid 3000 13.5"" Medium Mattress","[“Twin XL”, “Full”,“Queen”, “King”, “Cal King”]","['images/Serta_iSeries®_2.0_Hybrid_3000_13.5_Medium_Mattress/image_1.jpg', 'images/Serta_iSeries®_2.0_Hybrid_3000_13.5_Medium_Mattress/image_2.jpg']","[$ 2099.99, $ 2499.99, $ 2499.99, $ 2899.99, $ 2899.99]",4.3,487,Medium,"Side, Stomach and Back Sleepers",Hybrid,"13.5""",Yes,Yes,Yes,Yes,Yes,No,No,87
"Sealy Posturepedic® Plus Hybrid High Point 14"" Firm Mattress","[“Twin XL”, “Full”,“Queen”, “King”, “Cal King”, “Split Cal King”]","['images/Sealy_Posturepedic®_Plus_Hybrid_High_Point_14_Firm_Mattress/image_1.jpg', 'images/Sealy_Posturepedic®_Plus_Hybrid_High_Point_14_Firm_Mattress/image_2.jpg']","[$ 2379.99, $ 2389.99, $ 2399.99, $ 2899.99, $ 2899.99, $ 2379.99]",4.5,3607,Firm,Back and Stomach Sleepers,Hybrid,"14""",Yes,Yes,Yes,Yes,Yes,Yes,No,88
Serta Perfect Sleeper® Sleep Excellence™ Medium PillowTop Mattress,"[“Twin”, “Twin XL”, “Full”,“Queen”, “King”, “Cal King”]","['images/Serta_Perfect_Sleeper®_Sleep_Excellence™_Medium_PillowTop_Mattress/image_1.jpg', 'images/Serta_Perfect_Sleeper®_Sleep_Excellence™_Medium_PillowTop_Mattress/image_2.jpg']","[$ 1299.99, $ 1399.99, $ 1579.99, $ 1599.99, $ 1999.99, $ 1999.99]",4.3,869,Extra Firm,"Back and Stomach Sleepers, Pain and Toss and Turn",Memory Foam,,No,No,No,No,No,No,No,89
"Beautyrest Black® Series Three 15"" Firm Mattress","[“Twin XL”, “Full”,“Queen”, “King”, “Cal King”, “Split Cal King”]","['images/Beautyrest_Black®_Series_Three_15_Firm_Mattress/image_1.jpg', 'images/Beautyrest_Black®_Series_Three_15_Firm_Mattress/image_2.jpg']","[$ 3049.99, $ 3329.99, $ 3599.99, $ 4299.99, $ 4299.99, $ 3049.99]",4.4,611,Firm,"Back and Stomach Sleepers, Pain and Bed Partner",Memory Foam,,No,No,No,No,No,No,No,90
"Sealy Posturepedic® Plus Hybrid Albany 13"" Medium Mattress","[“Twin XL”, “Full”,“Queen”, “King”, “Cal King”, “Split Cal King”]","['images/Sealy_Posturepedic®_Plus_Hybrid_Albany_13_Medium_Mattress/image_1.jpg', 'images/Sealy_Posturepedic®_Plus_Hybrid_Albany_13_Medium_Mattress/image_2.jpg']","[$ 1779.99, $ 1789.99, $ 1799.99, $ 2299.99, $ 2299.99, $ 1779.99]",4.6,2093,Medium,"Side, Stomach and Back Sleepers",Hybrid,"13""",Yes,Yes,Yes,Yes,Yes,Yes,No,91
"Tempur-Pedic TEMPUR-LuxeBreeze® Soft 13"" Mattress","[“Twin XL”,“Queen”, “King”, “Cal King”, “Split Cal King”]","['images/Tempur-Pedic_TEMPUR-LuxeBreeze®_Soft_13_Mattress/image_1.jpg', 'images/Tempur-Pedic_TEMPUR-LuxeBreeze®_Soft_13_Mattress/image_2.jpg']","[$ 5099.99, $ 5599.99, $ 6299.99, $ 6299.99, $ 5099.99]",4,852,Plush,Side Sleepers,Memory Foam,"13""",Yes,Yes,Yes,Yes,Yes,Yes,No,92
"Tempur-Pedic TEMPUR-Adapt® 11"" Medium Hybrid Mattress","[“Twin”, “Twin XL”, “Full”,“Queen”, “King”, “Cal King”, “Split Cal King”]","['images/Tempur-Pedic_TEMPUR-Adapt®_11_Medium_Hybrid_Mattress/image_1.jpg', 'images/Tempur-Pedic_TEMPUR-Adapt®_11_Medium_Hybrid_Mattress/image_2.jpg']","[$ 1999.99, $ 1999.99, $ 2349.99, $ 2499.99, $ 3199.99, $ 3199.99, $ 1999.99]",4.4,1723,Medium,"Side, Stomach and Back Sleepers",Hybrid,"11""",Yes,Yes,Yes,Yes,Yes,Yes,No,93
"Serta Perfect Sleeper® Oasis Sleep 12"" Extra Firm Mattress","[“Twin”, “Twin XL”, “Full”, “Queen”, “King”, “Cal King”]","['images/Serta_Perfect_Sleeper®_Oasis_Sleep_12_Extra_Firm_Mattress/image_1.jpg', 'images/Serta_Perfect_Sleeper®_Oasis_Sleep_12_Extra_Firm_Mattress/image_2.jpg']","[$ 899.99, $ 949.99, $ 979.99, $ 999.99, $ 1399.99, $ 1399.99]",4.7,461,Extra Firm,"Back and Stomach Sleepers, Pain and Bed Partner",Memory Foam,,No,No,No,No,No,No,No,94
"Serta iSeries® 2.0 Hybrid 1000 12"" Medium Mattress","[“Twin”, “Twin XL”, “Full”, “Queen”, “King”, “Cal King”]","['images/Serta_iSeries®_2.0_Hybrid_1000_12_Medium_Mattress/image_1.jpg', 'images/Serta_iSeries®_2.0_Hybrid_1000_12_Medium_Mattress/image_2.jpg']","[$ 1599.99, $ 1799.99, $ 1999.99, $ 2099.99, $ 2599.99, $ 2599.99]",4.4,1375,Medium,"Side, Stomach and Back Sleepers",Hybrid,"12""",Yes,Yes,Yes,Yes,Yes,No,No,95
"Beautyrest PressureSmart™ 2.0 Lux Plush Pillow Top 16.5"" Mattress","[“Split Cal King”, “Twin”, “Twin XL”, “Full”,“Queen”, “King”, “Cal King”]","['images/Beautyrest_PressureSmart™_2.0_Lux_Plush_Pillow_Top_16.5_Mattress/image_1.jpg', 'images/Beautyrest_PressureSmart™_2.0_Lux_Plush_Pillow_Top_16.5_Mattress/image_2.jpg']","[$ 1699.99, $ 1599.99, $ 1699.99, $ 1749.99, $ 1799.99, $ 2299.99, $ 2299.99]",4.2,355,Plush,Side Sleepers,Innerspring,"16.5""",Yes,Yes,Yes,Yes,Yes,Yes,No,96
"Sealy Posturepedic® Plus Satisfied II 13"" Medium Mattress","[“Twin”, “Twin XL”, “Full”,“Queen”, “King”, “Cal King”, “Split Cal King”]","['images/Sealy_Posturepedic®_Plus_Satisfied_II_13_Medium_Mattress/image_1.jpg', 'images/Sealy_Posturepedic®_Plus_Satisfied_II_13_Medium_Mattress/image_2.jpg', 'images/Sealy_Posturepedic®_Plus_Satisfied_II_13_Medium_Mattress/image_3.jpg']","[$ 649.99, $ 727.99, $ 769.99, $ 779.99, $ 987.99, $ 987.99, $ 727.99]",3.8,90,Medium,"Side, Stomach and Back Sleepers",Innerspring,"13""",Yes,Yes,Yes,Yes,Yes,Yes,No,97
"Sealy Posturepedic® Spring Bloom 12"" Medium Mattress","[“Twin”, “Twin XL”, “Full”,“Queen”, “King”, “Cal King”, “Split Cal King”]","['images/Sealy_Posturepedic®_Spring_Bloom_12_Medium_Mattress/image_1.jpg', 'images/Sealy_Posturepedic®_Spring_Bloom_12_Medium_Mattress/image_2.jpg']","[$ 499.99, $ 679.99, $ 679.99, $ 699.99, $ 999.99, $ 999.99, $ 679.99]",4.5,3040,Medium,"Side, Stomach and Back Sleepers",Innerspring,"12""",Yes,No,Yes,Yes,Yes,No,No,98
"Sealy Posturepedic Summer Rose 13"" Medium Euro Pillow Top Mattress","[“Twin”, “Twin XL”, “Full”,“Queen”, “King”, “Cal King”, “Split Cal King”]","['images/Sealy_Posturepedic_Summer_Rose_13_Medium_Euro_Pillow_Top_Mattress/image_1.jpg', 'images/Sealy_Posturepedic_Summer_Rose_13_Medium_Euro_Pillow_Top_Mattress/image_2.jpg', 'images/Sealy_Posturepedic_Summer_Rose_13_Medium_Euro_Pillow_Top_Mattress/image_3.jpg']","[$ 541.99, $ 638.99, $ 638.99, $ 649.99, $ 757.99, $ 757.99, $ 638.99]",3.8,30,Medium,"Side, Stomach and Back Sleepers",Innerspring,"13""",Yes,Yes,Yes,Yes,Yes,Yes,No,99
"Tulo Lavender 12"" Plush Memory Foam Mattress","[“Twin”, “Twin XL”, “Full”,“Queen”, “King”]","['images/Tulo_Lavender_12_Plush_Memory_Foam_Mattress/image_1.jpg', 'images/Tulo_Lavender_12_Plush_Memory_Foam_Mattress/image_2.jpg', 'images/Tulo_Lavender_12_Plush_Memory_Foam_Mattress/image_3.jpg']","[$ 349.99, $ 369.99, $ 449.99, $ 499.99, $ 589.99]",3.9,559,Plush,Side Sleepers,Memory Foam,"12""",No,No,Yes,Yes,Yes,Yes,Yes,100